total_max,total_min,divisor_max,divisor_min
242536.0,218708.0,4620.0,3864.0
2604.0,3192.0,4620.0,3864.0
6356.0,1848.0,4620.0,3864.0
597380.0,519316.0,4620.0,3864.0
1119104.0,970200.0,4620.0,3864.0
644.0,616.0,4620.0,3864.0
2744.0,1736.0,4620.0,3864.0
732116.0,537488.0,4620.0,3864.0
644.0,2128.0,4620.0,3864.0
2693.5999999999885,6126.400000000008,4620.0,3864.0
