total_max,total_min,divisor_max,divisor_min
8662.0,7811.0,165.0,138.0
93.0,114.0,165.0,138.0
227.0,66.0,165.0,138.0
21335.0,18547.0,165.0,138.0
39968.0,34650.0,165.0,138.0
23.0,22.0,165.0,138.0
98.0,62.0,165.0,138.0
26147.0,19196.0,165.0,138.0
23.0,76.0,165.0,138.0
96.19999999999997,218.80000000000004,165.0,138.0
